{"cameraMode":{"drawMode":0,"name":"Shaded","section":"Shading Mode"},"sceneLighting":true,"audioPlay":false,"sceneViewState":{"m_AlwaysRefresh":false,"showFog":true,"showSkybox":true,"showFlares":true,"showImageEffects":true,"showParticleSystems":true,"showVisualEffectGraphs":true,"m_FxEnabled":true},"in2DMode":false,"pivot":{"x":-0.34392696619033816,"y":1.2254825830459595,"z":0.6297430396080017},"rotation":{"x":0.24586519598960877,"y":-0.35827064514160159,"z":0.10060420632362366,"w":0.8950397372245789},"size":6.12960958480835,"orthographic":false}